Replaced Class,Modularized Accuracy
0,0.9551088777219431
1,0.9490787269681742
2,0.9624790619765494
3,0.9403685092127303
4,0.9510887772194305
5,0.9597989949748744
