Replaced Class,Modularized Accuracy
0,0.9571189279731993
1,0.9494137353433836
2,0.9534338358458961
3,0.952428810720268
4,0.9520938023450586
5,0.9510887772194305
