Replaced Class,Modularized Accuracy
0,0.9631490787269682
1,0.96214405360134
2,0.9634840871021776
3,0.9614740368509213
4,0.9651591289782244
5,0.9608040201005025
